"","Gene","Core","E1","HVR1","E2","NS1(P7)","NS2","NS3","NS4A","NS4B","NS5A","NS5B"
"1","*",0,0,0,0,0,0,0,0,0,0,0
"2","A",3,2,0,0,1,0,3,0,1,0,13
"3","C",0,0,0,0,0,0,2,0,0,0,6
"4","D",3,2,0,0,0,0,4,1,0,5,11
"5","E",3,1,0,0,0,0,0,0,0,4,5
"6","F",1,0,0,0,1,0,2,0,1,1,5
"7","G",14,2,0,0,1,0,0,0,0,2,5
"8","H",0,1,0,0,0,0,0,0,0,2,2
"9","I",1,5,0,1,0,0,1,0,2,0,5
"10","K",6,0,0,0,0,0,0,0,0,0,6
"11","L",15,2,0,1,0,0,8,0,4,5,21
"12","M",0,0,0,0,0,0,0,0,0,0,0
"13","N",5,4,0,0,0,0,0,0,0,0,4
"14","P",10,1,0,1,0,0,4,1,1,7,3
"15","Q",5,2,0,1,0,0,2,0,0,1,9
"16","R",17,2,0,0,0,0,0,0,0,3,7
"17","S",5,1,0,1,0,0,3,0,2,3,11
"18","T",7,2,1,0,0,0,5,0,1,4,7
"19","V",6,3,0,0,0,0,8,0,1,3,13
"20","W",0,0,0,0,0,0,0,0,0,0,0
"21","Y",1,0,0,0,0,0,3,0,1,1,9
