"","Name","AA.pos","wtAA","resAA","Gene","genotype","merged.pos","Type","ref","mut","Need_both","pos.1A","pos.1B","pos.3A","ID","obs","freq"
"2","V36M",36,"V","M","NS3","1B",3543,"Ts","g","a","y",3525,3525,3541,"V36M.3543",0,"0.000537345513164965"
"3","V36M",36,"V","M","NS3","1B",3545,"Tv2","t","g","y",3527,3527,3543,"V36M.3545",0,"0.000175808720112518"
"7","V36A",36,"V","A","NS3","1B",3544,"Ts","t","c","n",3526,3526,3542,"V36A",0,"0.00442556204637989"
"11","V36G",36,"V","G","NS3","1B",3544,"Tv2","t","g","n",3526,3526,3542,"V36G",0,"0.000885112409275978"
"15","V36L",36,"V","L","NS3","1B",3543,"Tv1","g","c","n",3525,3525,3541,"V36L",0,"0"
"16","V36C",36,"V","C","NS3","1B",3543,"Tv2","g","t","y",3525,3525,3541,"V36C.3543",0,"0"
"17","V36C",36,"V","C","NS3","1B",3544,"Tv2","t","g","y",3526,3526,3542,"V36C.3544",0,"0.000885112409275978"
"22","T54A",54,"T","A","NS3","1B",3597,"Ts","a","g","n",3579,3579,3595,"T54A",0,"0.00372869318181818"
"23","T54S",54,"T","S","NS3","1B",3598,"Tv2","c","g","n",3580,3580,3596,"T54S",0,"0.000354233085370174"
"27","V55A",55,"V","A","NS3","1B",3601,"Ts","t","c","n",3583,3583,3599,"V55A",0,"0.00681981335247667"
"30","Y56H",56,"Y","H","NS3","1B",3603,"Ts","t","c","n",3585,3585,3601,"Y56H",0,"0.00314640014806589"
"33","Q80K",80,"Q","K","NS3","1B",3675,"Tv1","c","a","n",3657,3657,3673,"Q80K",0,"0.000211461196870374"
"36","Q80R",80,"Q","R","NS3","1B",3676,"Ts","a","g","n",3658,3658,3674,"Q80R",0,"0.00369484894588133"
"39","S122G",122,"S","G","NS3","1B",3801,"Ts","a","g","n",3783,3783,3799,"S122G",0,"0.00848593121929433"
"43","S122R",122,"S","R","NS3","1B",3803,"Tv","c","a,g","n",3785,3785,3801,"S122R",0,"0"
"46","S122D",122,"S","D","NS3","1B",3801,"Ts","a","g","y",3783,3783,3799,"S122D.3801",0,"0.00848593121929433"
"47","S122D",122,"S","D","NS3","1B",3802,"Ts","g","a","y",3784,3784,3800,"S122D.3802",0,"0.000892259647557439"
"51","S122T",122,"S","T","NS3","1B",3802,"Tv1","g","c","n",3784,3784,3800,"S122T",0,"0"
"54","I132V",132,"I","V","NS3","1B",3831,"Ts","a","g","n",3813,3813,3829,"I132V",1,"0.997901119402985"
"58","R155G",155,"R","G","NS3","1B",3900,"Tv2","c","g","n",3882,3882,3898,"R155G",0,"0.000303766707168894"
"61","R155K",155,"R","K","NS3","1B",3900,"Tv1","c","a","y",3882,3882,3898,"R155K.3900",0,"0"
"62","R155K",155,"R","K","NS3","1B",3901,"Ts","g","a","y",3883,3883,3899,"R155K.3901",0,"0.00488997555012225"
"65","R155T",155,"R","T","NS3","1B",3900,"Tv1","c","a","y",3882,3882,3898,"R155T.3900",0,"0"
"66","R155T",155,"R","T","NS3","1B",3901,"Tv1","g","c","y",3883,3883,3899,"R155T.3901",0,"0.000305623471882641"
"68","A156T",156,"A","T","NS3","1B",3903,"Ts","g","a","n",3885,3885,3901,"A156T",0,"0.00532748354747728"
"71","A156G",156,"A","G","NS3","1B",3904,"Tv2","c","g","n",3886,3886,3902,"A156G",0,"0"
"74","A156V",156,"A","V","NS3","1B",3904,"Ts","c","t","n",3886,3886,3902,"A156V",0,"0.000944584382871536"
"77","D168H",168,"D","H","NS3","1B",3939,"Tv1","g","c","n",3921,3921,3937,"D168H",0,"0"
"80","D168V",168,"D","V","NS3","1B",3940,"Tv2","a","t","n",3922,3922,3938,"D168V",0,"0"
"83","D168T",168,"D","T","NS3","1B",3939,"Ts","g","a","y",3921,3921,3937,"D168T.3939",0,"0.00161030595813205"
"84","D168T",168,"D","T","NS3","1B",3940,"Tv1","a","c","y",3922,3922,3938,"D168T.3940",0,"0"
"89","D168K",168,"D","K","NS3","1B",3939,"Ts","g","a","y",3921,3921,3937,"D168K.3939",0,"0.00161030595813205"
"90","D168K",168,"D","K","NS3","1B",3941,"Tv","c","a,g","y",3923,3923,3939,"D168K.3941",0,"0"
"94","D168L",168,"D","L","NS3","1B",3939,"Tv1","g","c","y",3921,3921,3937,"D168L.3939",0,"0"
"95","D168L",168,"D","L","NS3","1B",3940,"Tv2","a","t","y",3922,3922,3938,"D168L.3940",0,"0"
"99","D168R",168,"D","R","NS3","1B",3939,"Tv1","g","c","y",3921,3921,3937,"D168R.3939",0,"0"
"100","D168R",168,"D","R","NS3","1B",3940,"Ts","a","g","y",3922,3922,3938,"D168R.3940",0,"0.00545571245186136"
"103","D168A",168,"D","A","NS3","1B",3940,"Tv1","a","c","n",3922,3922,3938,"D168A",0,"0"
"105","D168E",168,"D","E","NS3","1B",3941,"Tv","c","a,g","n",3923,3923,3939,"D168E",0,"0"
"108","D168G",168,"D","G","NS3","1B",3940,"Ts","a","g","n",3922,3922,3938,"D168G",0,"0.00545571245186136"
"110","D168Y",168,"D","Y","NS3","1B",3939,"Tv2","g","t","n",3921,3921,3937,"D168Y",0,"0.000322061191626409"
"111","V170A",170,"V","A","NS3","1B",3946,"Ts","t","c","n",3928,3928,3944,"V170A",0,"0.00252924438823901"
"114","V170T",170,"V","T","NS3","1B",3945,"Ts","g","a","y",3927,3927,3943,"V170T.3945",0,"0.000634517766497462"
"115","V170T",170,"V","T","NS3","1B",3946,"Ts","t","c","y",3928,3928,3944,"V170T.3946",0,"0.00252924438823901"
"120","M175B",175,"M","L","NS3","1B",3960,"Tv1","a","c","n",3942,3942,3958,"M175B",0,"0.00063391442155309"
"122","Q24K",24,"Q","K","NS5A","1B",6345,"Tv1","c","a","n",6327,6327,6343,"Q24K",0,"0"
"137","L28M",28,"L","M","NS5A","1B",6357,"Tv1","c","a","n",6339,6339,6355,"L28M",0,"0"
"138","L28T",28,"L","T","NS5A","1B",6357,"Tv1","c","a","y",6339,6339,6355,"L28T.6357",0,"0"
"139","L28T",28,"L","T","NS5A","1B",6358,"Ts","t","c","y",6340,6340,6356,"L28T.6358",0,"0.00462633451957295"
"141","Q30H",30,"Q","H","NS5A","1B",6365,"Tv","g","t,c","n",6347,6347,6363,"Q30H",0,"0"
"146","Q30G",30,"Q","G","NS5A","1B",6363,"Tv1","c","g","y",6345,6345,6361,"Q30G.6363",0,"0"
"147","Q30G",30,"Q","G","NS5A","1B",6364,"Ts","a","g","y",6346,6346,6362,"Q30G.6364",1,"0.997076023391813"
"150","Q30K",30,"Q","K","NS5A","1B",6363,"Tv1","c","a","n",6345,6345,6361,"Q30K",0,"0"
"153","Q30E",30,"Q","E","NS5A","1B",6363,"Tv2","c","g","n",6345,6345,6361,"Q30E",0,"0.000362713093942691"
"157","L31F",31,"L","F","NS5A","1B",6366,"Ts","c","t","y",6348,6348,6364,"L31F.6366",0,"0.00696480938416422"
"158","L31F",31,"L","F","NS5A","1B",6368,"Tv","a","c,t","y",6350,6350,6366,"L31F.6368",0,"0.000367107195301028"
"161","L31M",31,"L","M","NS5A","1B",6366,"Tv1","c","a","y",6348,6348,6364,"L31M.6366",0,"0"
"162","L31M",31,"L","M","NS5A","1B",6368,"Ts","a","g","y",6350,6350,6366,"L31M.6368",1,"0.962555066079295"
"167","L31I",31,"L","I","NS5A","1B",6366,"Tv1","c","a","n",6348,6348,6364,"L31I",0,"0"
"170","L31V",31,"L","V","NS5A","1B",6366,"Tv2","c","g","n",6348,6348,6364,"L31V",0,"0"
"174","S38F",38,"S","F","NS5A","1B",6388,"Ts","c","t","y",6370,6370,6386,"S38F.6388",0,"0.000355239786856128"
"175","S38F",38,"S","F","NS5A","1B",6389,"Tv","a","t,c","y",6371,6371,6387,"S38F.6389",0,"0"
"177","P58T",58,"P","T","NS5A","1B",6447,"Tv1","c","a","n",6429,6429,6445,"P58T",0,"0.000413223140495868"
"179","P58R",58,"P","R","NS5A","1B",6448,"Tv1","c","g","n",6430,6430,6446,"P58R",0,"0.002867677181483"
"185","Q62L",62,"Q","D","NS5A","1B",6460,"Tv2","a","t","n",6442,6442,6458,"Q62L",0,"0.000787091696182605"
"189","A92T",92,"A","T","NS5A","1B",6549,"Ts","g","a","n",6531,6531,6547,"A92T",0,"0.00206504904491482"
"192","Y93H",93,"Y","H","NS5A","1B",6552,"Ts","t","c","n",6534,6534,6550,"Y93H",0,"0.00209205020920502"
"195","Y93N",93,"Y","N","NS5A","1B",6552,"Tv1","t","a","n",6534,6534,6550,"Y93N",0,"0.000523012552301255"
"199","Y93R",93,"Y","R","NS5A","1B",6552,"Ts","t","c","y",6534,6534,6550,"Y93R.6552",0,"0.00209205020920502"
"200","Y93R",93,"Y","R","NS5A","1B",6553,"Ts","a","g","y",6535,6535,6551,"Y93R.6553",0,"0.0032379924446843"
"204","Y93C",93,"Y","C","NS5A","1B",6553,"Ts","a","g","n",6535,6535,6551,"Y93C",0,"0.0032379924446843"
"207","Y93S",93,"Y","S","NS5A","1B",6553,"Tv1","a","c","n",6535,6535,6551,"Y93S",0,"0"
"210","L159F",159,"L","F","NS5B","1B",8109,"Ts","c","t","n",8076,8073,8104,"L159F",0,"0.000638569604086846"
"213","E237G",237,"E","G","NS5B","1B",8344,"Ts","a","g","n",8311,8308,8339,"E237G",0,"0.00596546310832025"
"216","S282T",282,"S","T","NS5B","1B",8479,"Tv1","g","c","n",8446,8443,8474,"S282T",0,"0"
"219","C316Y",316,"C","Y","NS5B","1B",8581,"Ts","g","a","n",8548,8545,8576,"C316Y",0,"0.00170940170940171"
"222","C316F",315,"C","F","NS5B","1B",8581,"Tv2","g","t","n",8548,8545,8576,"C316F",0,"0"
"226","C316N",316,"C","N","NS5B","1B",8580,"Tv1","t","a","y",8547,8544,8575,"C316N.8580",0,"0.000851063829787234"
"227","C316N",316,"C","N","NS5B","1B",8581,"Ts","g","a","y",8548,8545,8576,"C316N.8581",0,"0.00170940170940171"
"231","V321I",321,"V","I","NS5B","1B",8595,"Ts","g","a","n",8562,8559,8590,"V321I",0,"0.000925069380203515"
"234","V321A",321,"V","A","NS5B","1B",8596,"Ts","t","c","n",8563,8560,8591,"V321A",0,"0.00185528756957328"
